subject,body,Result,Date
Analityk Danych (Big Data): pracodawca zakoÅ„czyÅ‚ rekrutacjÄ™.,"DzieÅ„ dobry Amirali, pracodawca TUiR WARTA S.A. zakoÅ„czyÅ‚ zbieranie aplikacji na stanowisko Analityk Danych (Big Data) Po analizie dokumentÃ³w, skontaktuje siÄ™ z kandydatami, ktÃ³rzy speÅ‚niajÄ… wymogi oferty. Powodzenia, ZespÃ³Å‚ Pracuj.pl Oferta i status Twojej aplikacji: Analityk Danych (Big Data) TUiR WARTA S.A. Warszawa, mazowieckie Pracodawca zakoÅ„czyÅ‚ zbieranie zgÅ‚oszeÅ„ Kolejni pracodawcy czekajÄ… na Ciebie ! Artificial Intelligence / Machine Learning Engineer ALGOTEQUE SERVICES sp. z o.o. Warszawa, ÅšrÃ³dmieÅ›cie ! AI Engineer 17 000â€“23 000 zÅ‚ netto (+ VAT) / mies. Trans.eu Group S.A. WrocÅ‚aw, Krzyki Programista / Programistka Python 8 000â€“15 000 zÅ‚ / mies. (zal. od umowy) ALLEO.NET Kielce ! Data Scientist 16 000â€“21 000 zÅ‚ netto (+ VAT) / mies. A4BEE Sp. z o.o. Warszawa T Hub - Python Developerâ€‹ T-Mobile Warszawa, MokotÃ³w ! Backend Developer (Django) Samsung R&D Institute Poland Warszawa, Wola ! Python Developer Edge One Solutions Sp. z o.o. Warszawa Junior AI DevOps Engineer Lingaro Warszawa, MokotÃ³w Junior Backend Developer (Python/LLM) Armatis Polska Sp. Z o. o. Warszawa ! AI Engineer 140â€“180 zÅ‚ netto (+ VAT) / godz. Be in IT Warszawa PokaÅ¼ wiÄ™cej ofert ZarzÄ…dzaj swoimi aplikacjami sprawdzaj na bieÅ¼Ä…co statusy rekrutacji porÃ³wnaj kompetencje kandydatÃ³w PrzejdÅº do moich aplikacji BÄ…dÅº na bieÅ¼Ä…co ChcÄ™ zrezygnowaÄ‡ z powiadomieÅ„ ChcÄ™ zmieniÄ‡ e-mail | Regulamin NadawcÄ… listu jest Grupa Pracuj S.A., ul. Prosta 68, 00-838 Warszawa, Polska, SÄ…d Rejonowy dla m. st. Warszawy, XIII WydziaÅ‚ Gospodarczy Krajowego Rejestru SÄ…dowego. Numer rejestru KRS 0000913770. NIP 527-274-96-31. REGON 362970301. WysokoÅ›Ä‡ kapitaÅ‚u zakÅ‚adowego: 341.325.130,00 zÅ‚ wpÅ‚acony w caÅ‚oÅ›ci. WÅ‚aÅ›cicielem marki Pracuj.pl jest Grupa Pracuj S.A.",Other,2025-04-16
Data Scientist w Departamencie Customer Intelligence: pracodawca zakoÅ„czyÅ‚ rekrutacjÄ™.,"DzieÅ„ dobry Amirali, pracodawca VeloBank S.A. zakoÅ„czyÅ‚ zbieranie aplikacji na stanowisko Data Scientist w Departamencie Customer Intelligence Po analizie dokumentÃ³w, skontaktuje siÄ™ z kandydatami, ktÃ³rzy speÅ‚niajÄ… wymogi oferty. Powodzenia, ZespÃ³Å‚ Pracuj.pl Oferta i status Twojej aplikacji: Data Scientist w Departamencie Customer Intelligence VeloBank S.A. Warszawa, mazowieckie Pracodawca zakoÅ„czyÅ‚ zbieranie zgÅ‚oszeÅ„ Kolejni pracodawcy czekajÄ… na Ciebie ! Artificial Intelligence / Machine Learning Engineer ALGOTEQUE SERVICES sp. z o.o. Warszawa, ÅšrÃ³dmieÅ›cie ! AI Engineer 17 000â€“23 000 zÅ‚ netto (+ VAT) / mies. Trans.eu Group S.A. WrocÅ‚aw, Krzyki ! Data Scientist 100â€“180 zÅ‚ netto (+ VAT) / godz. NUMLABS sp. z o.o. KrakÃ³w, DÄ™bniki Programista / Programistka Python 8 000â€“15 000 zÅ‚ / mies. (zal. od umowy) ALLEO.NET Kielce Junior AI DevOps Engineer Lingaro Warszawa, MokotÃ³w T Hub - Python Developerâ€‹ T-Mobile Warszawa, MokotÃ³w Junior Backend Developer (Python/LLM) Armatis Polska Sp. Z o. o. Warszawa ! Backend Engineer (Python) 18 480â€“25 200 zÅ‚ netto (+ VAT) / mies. N7 Mobile Sp. z o.o. Warszawa, MokotÃ³w ! Data Scientist 16 000â€“21 000 zÅ‚ netto (+ VAT) / mies. A4BEE Sp. z o.o. Warszawa ! Python Developer Edge One Solutions Sp. z o.o. Warszawa PokaÅ¼ wiÄ™cej ofert ZarzÄ…dzaj swoimi aplikacjami sprawdzaj na bieÅ¼Ä…co statusy rekrutacji porÃ³wnaj kompetencje kandydatÃ³w PrzejdÅº do moich aplikacji BÄ…dÅº na bieÅ¼Ä…co ChcÄ™ zrezygnowaÄ‡ z powiadomieÅ„ ChcÄ™ zmieniÄ‡ e-mail | Regulamin NadawcÄ… listu jest Grupa Pracuj S.A., ul. Prosta 68, 00-838 Warszawa, Polska, SÄ…d Rejonowy dla m. st. Warszawy, XIII WydziaÅ‚ Gospodarczy Krajowego Rejestru SÄ…dowego. Numer rejestru KRS 0000913770. NIP 527-274-96-31. REGON 362970301. WysokoÅ›Ä‡ kapitaÅ‚u zakÅ‚adowego: 341.325.130,00 zÅ‚ wpÅ‚acony w caÅ‚oÅ›ci. WÅ‚aÅ›cicielem marki Pracuj.pl jest Grupa Pracuj S.A.","The email informs the recipient that the application process for the Data Scientist position has closed and that only selected candidates will be contacted. It does not provide a clear positive or negative outcome, so it is classified as ""Other.""

Other",2025-04-16
AI Engineer: pracodawca zakoÅ„czyÅ‚ rekrutacjÄ™.,"DzieÅ„ dobry Amirali, pracodawca Silky Coders sp. z o.o. zakoÅ„czyÅ‚ zbieranie aplikacji na stanowisko AI Engineer Po analizie dokumentÃ³w, skontaktuje siÄ™ z kandydatami, ktÃ³rzy speÅ‚niajÄ… wymogi oferty. Powodzenia, ZespÃ³Å‚ Pracuj.pl Oferta i status Twojej aplikacji: AI Engineer Silky Coders sp. z o.o. GdaÅ„sk, pomorskie Pracodawca zakoÅ„czyÅ‚ zbieranie zgÅ‚oszeÅ„ Kolejni pracodawcy czekajÄ… na Ciebie ! Artificial Intelligence / Machine Learning Engineer ALGOTEQUE SERVICES sp. z o.o. Warszawa, ÅšrÃ³dmieÅ›cie ! Data Scientist 100â€“180 zÅ‚ netto (+ VAT) / godz. NUMLABS sp. z o.o. KrakÃ³w, DÄ™bniki Programista / Programistka Python 8 000â€“15 000 zÅ‚ / mies. (zal. od umowy) ALLEO.NET Kielce ! Python Developer 80â€“100 zÅ‚ netto (+ VAT) / godz. ASCENDION ENGINEERING SOLUTIONS POLAND SP. Z O.O. Warszawa ! Data Scientist 16 000â€“21 000 zÅ‚ netto (+ VAT) / mies. A4BEE Sp. z o.o. Warszawa T Hub - Python Developerâ€‹ T-Mobile Warszawa, MokotÃ³w Junior Backend Developer (Python/LLM) Armatis Polska Sp. Z o. o. Warszawa ! Backend Developer (Django) Samsung R&D Institute Poland Warszawa, Wola ! Backend Engineer (Python) 18 480â€“25 200 zÅ‚ netto (+ VAT) / mies. N7 Mobile Sp. z o.o. Warszawa, MokotÃ³w Junior AI DevOps Engineer Lingaro Warszawa, MokotÃ³w PokaÅ¼ wiÄ™cej ofert ZarzÄ…dzaj swoimi aplikacjami sprawdzaj na bieÅ¼Ä…co statusy rekrutacji porÃ³wnaj kompetencje kandydatÃ³w PrzejdÅº do moich aplikacji BÄ…dÅº na bieÅ¼Ä…co ChcÄ™ zrezygnowaÄ‡ z powiadomieÅ„ ChcÄ™ zmieniÄ‡ e-mail | Regulamin NadawcÄ… listu jest Grupa Pracuj S.A., ul. Prosta 68, 00-838 Warszawa, Polska, SÄ…d Rejonowy dla m. st. Warszawy, XIII WydziaÅ‚ Gospodarczy Krajowego Rejestru SÄ…dowego. Numer rejestru KRS 0000913770. NIP 527-274-96-31. REGON 362970301. WysokoÅ›Ä‡ kapitaÅ‚u zakÅ‚adowego: 341.325.130,00 zÅ‚ wpÅ‚acony w caÅ‚oÅ›ci. WÅ‚aÅ›cicielem marki Pracuj.pl jest Grupa Pracuj S.A.","The email is an update on the application status, informing that the employer has stopped collecting applications and will contact suitable candidates. It also lists other job opportunities. Since it doesn't provide a clear positive or negative outcome, the response is:

Other",2025-04-16
Anyone else just want to throw in the towel and become a blacksmith?,"Get the latest Tech trending posts ğŸ›ï¸ â€Œâ€‹â€â€â€ï»¿ â€Œâ€‹â€â€â€ï»¿ â€Œâ€‹â€â€â€ï»¿ â€Œâ€‹â€â€â€ï»¿ â€Œâ€‹â€â€â€ï»¿ â€Œâ€‹â€â€â€ï»¿ â€Œâ€‹â€â€â€ï»¿ â€Œâ€‹â€â€â€ï»¿ â€Œâ€‹â€â€â€ï»¿ â€Œâ€‹â€â€â€ï»¿ â€Œâ€‹â€â€â€ï»¿ â€Œâ€‹â€â€â€ï»¿ â€Œâ€‹â€â€â€ï»¿ â€Œâ€‹â€â€â€ï»¿ â€Œâ€‹â€â€â€ï»¿ â€Œâ€‹â€â€â€ï»¿ â€Œâ€‹â€â€â€ï»¿ â€Œâ€‹â€â€â€ï»¿ â€Œâ€‹â€â€â€ï»¿ â€Œâ€‹â€â€â€ï»¿ â€Œâ€‹â€â€â€ï»¿ â€Œâ€‹â€â€â€ï»¿ â€Œâ€‹â€â€â€ï»¿ â€Œâ€‹â€â€â€ï»¿ â€Œâ€‹â€â€â€ï»¿ â€Œâ€‹â€â€â€ï»¿ â€Œâ€‹â€â€â€ï»¿ â€Œâ€‹â€â€â€ï»¿ â€Œâ€‹â€â€â€ï»¿ â€Œâ€‹â€â€â€ï»¿ â€Œâ€‹â€â€â€ï»¿ â€Œâ€‹â€â€â€ï»¿ â€Œâ€‹â€â€â€ï»¿ â€Œâ€‹â€â€â€ï»¿ â€Œâ€‹â€â€â€ï»¿ â€Œâ€‹â€â€â€ï»¿ â€Œâ€‹â€â€â€ï»¿ â€Œâ€‹â€â€â€ï»¿ â€Œâ€‹â€â€â€ï»¿ â€Œâ€‹â€â€â€ï»¿ â€Œâ€‹â€â€â€ï»¿ â€Œâ€‹â€â€â€ï»¿ â€Œâ€‹â€â€â€ï»¿ â€Œâ€‹â€â€â€ï»¿ â€Œâ€‹â€â€â€ï»¿ â€Œâ€‹â€â€â€ï»¿ â€Œâ€‹â€â€â€ï»¿ â€Œâ€‹â€â€â€ï»¿ â€Œâ€‹â€â€â€ï»¿ â€Œâ€‹â€â€â€ï»¿ â€Œâ€‹â€â€â€ï»¿ â€Œâ€‹â€â€â€ï»¿ â€Œâ€‹â€â€â€ï»¿ â€Œâ€‹â€â€â€ï»¿ â€Œâ€‹â€â€â€ï»¿ â€Œâ€‹â€â€â€ï»¿ â€Œâ€‹â€â€â€ï»¿ â€Œâ€‹â€â€â€ï»¿ â€Œâ€‹â€â€â€ï»¿ â€Œâ€‹â€â€â€ï»¿ â€Œâ€‹â€â€â€ï»¿ â€Œâ€‹â€â€â€ï»¿ â€Œâ€‹â€â€â€ï»¿ â€Œâ€‹â€â€â€ï»¿ â€Œâ€‹â€â€â€ï»¿ â€Œâ€‹â€â€â€ï»¿ â€Œâ€‹â€â€â€ï»¿ â€Œâ€‹â€â€â€ï»¿ â€Œâ€‹â€â€â€ï»¿ â€Œâ€‹â€â€â€ï»¿ â€Œâ€‹â€â€â€ï»¿ â€Œâ€‹â€â€â€ï»¿ â€Œâ€‹â€â€â€ï»¿ â€Œâ€‹â€â€â€ï»¿ â€Œâ€‹â€â€â€ï»¿ â€Œâ€‹â€â€â€ï»¿ â€Œâ€‹â€â€â€ï»¿ â€Œâ€‹â€â€â€ï»¿ â€Œâ€‹â€â€â€ï»¿ â€Œâ€‹â€â€â€ï»¿ â€Œâ€‹â€â€â€ï»¿ â€Œâ€‹â€â€â€ï»¿ â€Œâ€‹â€â€â€ï»¿ â€Œâ€‹â€â€â€ï»¿ â€Œâ€‹â€â€â€ï»¿ â€Œâ€‹â€â€â€ï»¿ â€Œâ€‹â€â€â€ï»¿ â€Œâ€‹â€â€â€ï»¿ â€Œâ€‹â€â€â€ï»¿ â€Œâ€‹â€â€â€ï»¿ â€Œâ€‹â€â€â€ï»¿ â€Œâ€‹â€â€â€ï»¿ â€Œâ€‹â€â€â€ï»¿ â€Œâ€‹â€â€â€ï»¿ â€Œâ€‹â€â€â€ï»¿ â€Œâ€‹â€â€â€ï»¿ â€Œâ€‹â€â€â€ï»¿ â€Œâ€‹â€â€â€ï»¿ â€Œâ€‹â€â€â€ï»¿ â€Œâ€‹â€â€â€ï»¿ â€Œâ€‹â€â€â€ï»¿ â€Œâ€‹â€â€â€ï»¿ â€Œâ€‹â€â€â€ï»¿ â€Œâ€‹â€â€â€ï»¿ â€Œâ€‹â€â€â€ï»¿ â€Œâ€‹â€â€â€ï»¿ â€Œâ€‹â€â€â€ï»¿ â€Œâ€‹â€â€â€ï»¿ â€Œâ€‹â€â€â€ï»¿ â€Œâ€‹â€â€â€ï»¿ â€Œâ€‹â€â€â€ï»¿ â€Œâ€‹â€â€â€ï»¿ Tech Buzz Hey, Level up with salary insights, career hacks and industry news. Tech Developer Anyone else just want to throw in the towel and become a blacksmith? 39 55 Comments Tech Developer Has anyone created an AI yet that can sit in a meeting and ask people: - what they did yesterday? - what they plan to do today? - if they have any... read more 37 37 Comments Discover your next job Orbis Consultants 3.9 â˜… Machine Learning Engineer United States $160K - $220K ( Employer est. ) Easy Apply 22d Tech Senior Program Manager Just wild to me that companies put multiple candidates through a month long 7-step process, including an assignment. So exhausting and defeating. 22 25 Comments Tech Developer First job: 3 years Second job: 9 months Third job: 1 yr 11 months Current job: 12 months Is it too soon to start looking for new roles? 8 16 Comments Tech Operations Purchasing Administrator Is it me or are many companies on a hiring freeze currently. Matter of fact have many companies been on one since the past month? Havenâ€™t gotten much... read more 10 12 Comments Tech Staff Software Engineer Hello, everyone. About a month ago, after working in the same company for 8 years, I started a YouTube channel to discuss career growth and insights... read more 1 6 Comments Tech Lead Asic Design Engineer I was just thinking about something funny (or maybe tragic, your call). Anyhow I was thinking about a conversation I had with a fellow techie/friend... read more 5 3 Comments Tech Machine Learning Engineer Hi, team! I am looking for a new job of machine learning. Work in internet industry.Mainly work in field of NLP algorithms. Is right to find a job in... read more 1 2 Comments Tech Zakarias Hedlund TRUSTED BY MANY: DIGITAL RESOLUTION SERVICES IS THE RIGHT CHOICE. As a gym instructor, I never expected to fall victim to a crypto scam, but I lost... read more 2 1 Comment View more posts This message was sent to a.sahraei98@gmail.com Privacy Policy | Manage Settings | Unsubscribe Glassdoor 2261 Market Street STE 10389, San Francisco, CA 94114 Copyright Â© 2008-2025, Glassdoor LLC. â€œGlassdoor,â€ â€œWorklife Pro,â€ â€œBowls,â€ and logo are proprietary trademarks of Glassdoor LLC.",Other,2025-04-16
You missed it!,"Catch our big announcement below. Weâ€™re wrapping up X4, the Experience Management Summit of the year. Keep reading&nbsp;to catch a day behind the scenes, and our attempt at building our AI career opportunities boxes!Hot Jobs&nbsp;ğŸ”¥Find our hottest jobs below, or check out areas of the business we're hiring for the most: Sales | Customer Success &amp; Services&nbsp;| EngineeringFederal Account Executive - DHS AccountWashington, District of Columbia, United StatesAPPLYEdge Software Sales Enterprise Account Executive (AE)United States (Remote)APPLYSenior Product Security Engineer - ProvoProvo, Utah, United StatesAPPLYPrincipal Experience DesignerProvo, Utah, United StatesAPPLYTransformation Process DesignerProvo, Utah, United StatesAPPLYExecutive AssistantMexico City, MexicoAPPLYEdge Value ManagerProvo, Utah, United StatesAPPLYTechnical Success Manager, ResearchMexico City, MexicoAPPLYPartner Sales ManagerTokyo, JapanAPPLYResearch Manager - JapanTokyo, JapanAPPLYPartner Marketing Manager, JapanTokyo, JapanAPPLYThe future for Experience Agents is so bright......we might have to wear shades!&nbsp;ğŸ˜At X4, we shared more about the launch of Experience Agents â€” our groundbreaking AI-powered autonomous agents that are reshaping how organizations connect with customers and employees. These agents are the secret ingredient to building deeper, more meaningful connections and stronger customer relationships.Missed X4 this year? No worries! Catch the content here. The journey will continue with X4 2026 in Seattle!Go behind the scenes of X4 with TaylorFollow Taylor, a Technical Support Manager here at Qualtrics, as she navigates the buzzing energy of the X4! From helping customers find new ways to use our product to celebrating her community at an employee event by night, Taylorâ€™s day is all about adding value for the customer. ğŸ¤©Ready to see how we blend passion with purpose? Catch Taylor behind the scenes at X4!Life is like....a box of opportunitiesWe gave the AI Barbie Box trend a shot. ğŸ’…Whether youâ€™re a Machine Learning Engineer crafting mind-bending algorithms, or a Sales Development Representative forging connectionsâ€”your dream job could be waiting for you in our box of opportunities!Join the trend by creating your own AI-inspired action figure. ğŸ‘‡Upload your photo with the below [filled-in] prompt, in your AI of choice:Create an action figure toy based on the person in the photo. Next to the figure, there should be the toyâ€™s equipment, each in its blisters.N/B: Donâ€™t repeat the equipment under any circumstances![EQUIPMENT 1: e.g. cup of coffee, nike shoes, laptop][EQUIPMENT 2][EQUIPMENT 3][EQUIPMENT 4][EQUIPMENT 5]The card holding the blister should be [INSERT COLOR]. Also, on top of the box, write ""[NAME]"" with ""[SUBTITLE]"" in a smaller font underneath that. The figure and equipment must all be inside blisters. Visualize this in a realistic way.Like this newsletter? Tell us what you want to see more of here.Keep Up with Life at QualtricsÂ© 2023 QualtricsÂ®Be sure to add opportunities@jobs.qualtrics.com to your contacts so you don't miss anything from Qualtrics Life Insiders!If you no longer want to receive communications regarding Qualtrics Life Insiders click here:&nbsp;unsubscribe&nbsp;Please know that unsubscribing from Qualtrics Life Insiders will not prevent you from receiving communications regarding your candidacy and you may still receive job alerts and communications from other parts of the Qualtrics business. You can control all of your job related communications preferences here.&nbsp;",Other,2025-04-16
